<ImportExportXml version="9.2.24061.198" SolutionPackageVersion="9.2" languagecode="1033" generatedBy="CrmLive" xmlns:xsi="http://www.w3.org/2001/XMLSchema-instance">
  <SolutionManifest>
    <UniqueName>Cr587bb</UniqueName>
    <LocalizedNames>
      <LocalizedName description="Common Data Services Default Solution" languagecode="1033" />
    </LocalizedNames>
    <Descriptions />
    <Version>1.0.0.1</Version>
    <Managed>0</Managed>
    <Publisher>
      <UniqueName>Cr86aa9</UniqueName>
      <LocalizedNames>
        <LocalizedName description="CDS Default Publisher" languagecode="1033" />
      </LocalizedNames>
      <Descriptions />
      <EMailAddress xsi:nil="true"></EMailAddress>
      <SupportingWebsiteUrl xsi:nil="true"></SupportingWebsiteUrl>
      <CustomizationPrefix>cr90b</CustomizationPrefix>
      <CustomizationOptionValuePrefix>28583</CustomizationOptionValuePrefix>
      <Addresses>
        <Address>
          <AddressNumber>1</AddressNumber>
          <AddressTypeCode xsi:nil="true"></AddressTypeCode>
          <City xsi:nil="true"></City>
          <County xsi:nil="true"></County>
          <Country xsi:nil="true"></Country>
          <Fax xsi:nil="true"></Fax>
          <FreightTermsCode xsi:nil="true"></FreightTermsCode>
          <ImportSequenceNumber xsi:nil="true"></ImportSequenceNumber>
          <Latitude xsi:nil="true"></Latitude>
          <Line1 xsi:nil="true"></Line1>
          <Line2 xsi:nil="true"></Line2>
          <Line3 xsi:nil="true"></Line3>
          <Longitude xsi:nil="true"></Longitude>
          <Name xsi:nil="true"></Name>
          <PostalCode xsi:nil="true"></PostalCode>
          <PostOfficeBox xsi:nil="true"></PostOfficeBox>
          <PrimaryContactName xsi:nil="true"></PrimaryContactName>
          <ShippingMethodCode xsi:nil="true"></ShippingMethodCode>
          <StateOrProvince xsi:nil="true"></StateOrProvince>
          <Telephone1 xsi:nil="true"></Telephone1>
          <Telephone2 xsi:nil="true"></Telephone2>
          <Telephone3 xsi:nil="true"></Telephone3>
          <TimeZoneRuleVersionNumber xsi:nil="true"></TimeZoneRuleVersionNumber>
          <UPSZone xsi:nil="true"></UPSZone>
          <UTCOffset xsi:nil="true"></UTCOffset>
          <UTCConversionTimeZoneCode xsi:nil="true"></UTCConversionTimeZoneCode>
        </Address>
        <Address>
          <AddressNumber>2</AddressNumber>
          <AddressTypeCode xsi:nil="true"></AddressTypeCode>
          <City xsi:nil="true"></City>
          <County xsi:nil="true"></County>
          <Country xsi:nil="true"></Country>
          <Fax xsi:nil="true"></Fax>
          <FreightTermsCode xsi:nil="true"></FreightTermsCode>
          <ImportSequenceNumber xsi:nil="true"></ImportSequenceNumber>
          <Latitude xsi:nil="true"></Latitude>
          <Line1 xsi:nil="true"></Line1>
          <Line2 xsi:nil="true"></Line2>
          <Line3 xsi:nil="true"></Line3>
          <Longitude xsi:nil="true"></Longitude>
          <Name xsi:nil="true"></Name>
          <PostalCode xsi:nil="true"></PostalCode>
          <PostOfficeBox xsi:nil="true"></PostOfficeBox>
          <PrimaryContactName xsi:nil="true"></PrimaryContactName>
          <ShippingMethodCode xsi:nil="true"></ShippingMethodCode>
          <StateOrProvince xsi:nil="true"></StateOrProvince>
          <Telephone1 xsi:nil="true"></Telephone1>
          <Telephone2 xsi:nil="true"></Telephone2>
          <Telephone3 xsi:nil="true"></Telephone3>
          <TimeZoneRuleVersionNumber xsi:nil="true"></TimeZoneRuleVersionNumber>
          <UPSZone xsi:nil="true"></UPSZone>
          <UTCOffset xsi:nil="true"></UTCOffset>
          <UTCConversionTimeZoneCode xsi:nil="true"></UTCConversionTimeZoneCode>
        </Address>
      </Addresses>
    </Publisher>
    <RootComponents>
      <RootComponent type="1" schemaName="contoso_department" behavior="1" />
      <RootComponent type="1" schemaName="contoso_inspection" behavior="1" />
      <RootComponent type="1" schemaName="contoso_permittype" behavior="1" />
      <RootComponent type="1" schemaName="cr90b_booktype" behavior="0" />
      <RootComponent type="1" schemaName="sjo_department" behavior="1" />
      <RootComponent type="1" schemaName="sjo_employee" behavior="1" />
    </RootComponents>
    <MissingDependencies>
      <MissingDependency>
        <Required type="1" schemaName="contoso_department" displayName="Department" solution="Active" />
        <Dependent type="1" schemaName="contoso_department" displayName="Department" />
      </MissingDependency>
      <MissingDependency>
        <Required type="1" schemaName="contoso_inspection" displayName="Inspection" solution="Active" />
        <Dependent type="1" schemaName="contoso_inspection" displayName="Inspection" />
      </MissingDependency>
      <MissingDependency>
        <Required type="1" schemaName="contoso_permittype" displayName="Permit Type" solution="Active" />
        <Dependent type="1" schemaName="contoso_permittype" displayName="Permit Type" />
      </MissingDependency>
      <MissingDependency>
        <Required type="1" schemaName="sjo_department" displayName="Department" solution="Active" />
        <Dependent type="1" schemaName="sjo_department" displayName="Department" />
      </MissingDependency>
      <MissingDependency>
        <Required type="1" schemaName="sjo_employee" displayName="Employee" solution="Active" />
        <Dependent type="1" schemaName="sjo_employee" displayName="Employee" />
      </MissingDependency>
      <MissingDependency>
        <Required type="2" schemaName="contoso_departmentid" displayName="Department" parentSchemaName="contoso_department" parentDisplayName="Department" solution="Active" />
        <Dependent type="26" schemaName="Active Departments" displayName="Active Departments" parentSchemaName="contoso_department" parentDisplayName="Department" id="{5c36c576-ef59-40c3-b9de-aefb76573432}" />
      </MissingDependency>
      <MissingDependency>
        <Required type="2" schemaName="contoso_deptid" displayName="Dept id" parentSchemaName="contoso_department" parentDisplayName="Department" solution="Active" />
        <Dependent type="26" schemaName="Active Departments" displayName="Active Departments" parentSchemaName="contoso_department" parentDisplayName="Department" id="{5c36c576-ef59-40c3-b9de-aefb76573432}" />
      </MissingDependency>
      <MissingDependency>
        <Required type="2" schemaName="contoso_deptname" displayName="Dept Name" parentSchemaName="contoso_department" parentDisplayName="Department" solution="Active" />
        <Dependent type="26" schemaName="Active Departments" displayName="Active Departments" parentSchemaName="contoso_department" parentDisplayName="Department" id="{5c36c576-ef59-40c3-b9de-aefb76573432}" />
      </MissingDependency>
      <MissingDependency>
        <Required type="2" schemaName="contoso_sumofbasesalary" displayName="Sum Of Base Salary" parentSchemaName="contoso_department" parentDisplayName="Department" solution="Active" />
        <Dependent type="26" schemaName="Active Departments" displayName="Active Departments" parentSchemaName="contoso_department" parentDisplayName="Department" id="{5c36c576-ef59-40c3-b9de-aefb76573432}" />
      </MissingDependency>
      <MissingDependency>
        <Required type="2" schemaName="contoso_totalempindept" displayName="TotalEmpInDept" parentSchemaName="contoso_department" parentDisplayName="Department" solution="Active" />
        <Dependent type="26" schemaName="Active Departments" displayName="Active Departments" parentSchemaName="contoso_department" parentDisplayName="Department" id="{5c36c576-ef59-40c3-b9de-aefb76573432}" />
      </MissingDependency>
      <MissingDependency>
        <Required type="2" schemaName="modifiedby" displayName="Modified By" parentSchemaName="contoso_department" parentDisplayName="Department" solution="Active" />
        <Dependent type="26" schemaName="Active Departments" displayName="Active Departments" parentSchemaName="contoso_department" parentDisplayName="Department" id="{5c36c576-ef59-40c3-b9de-aefb76573432}" />
      </MissingDependency>
      <MissingDependency>
        <Required type="2" schemaName="statecode" displayName="Status" parentSchemaName="contoso_department" parentDisplayName="Department" solution="Active" />
        <Dependent type="26" schemaName="Active Departments" displayName="Active Departments" parentSchemaName="contoso_department" parentDisplayName="Department" id="{5c36c576-ef59-40c3-b9de-aefb76573432}" />
      </MissingDependency>
      <MissingDependency>
        <Required type="2" schemaName="contoso_inspectionid" displayName="Inspection" parentSchemaName="contoso_inspection" parentDisplayName="Inspection" solution="Active" />
        <Dependent type="26" schemaName="Inspector View" displayName="Inspector View" parentSchemaName="contoso_inspection" parentDisplayName="Inspection" id="{3500db61-5f38-ef11-8409-000d3a98359b}" />
      </MissingDependency>
      <MissingDependency>
        <Required type="2" schemaName="contoso_inspectionid" displayName="Inspection" parentSchemaName="contoso_inspection" parentDisplayName="Inspection" solution="Active" />
        <Dependent type="26" schemaName="Active Inspections" displayName="Active Inspections" parentSchemaName="contoso_inspection" parentDisplayName="Inspection" id="{f03c0083-fd56-44d9-a1cc-77cec7b6fb58}" />
      </MissingDependency>
      <MissingDependency>
        <Required type="2" schemaName="contoso_inspectiontype" displayName="Inspection Type" parentSchemaName="contoso_inspection" parentDisplayName="Inspection" solution="Active" />
        <Dependent type="26" schemaName="Inspector View" displayName="Inspector View" parentSchemaName="contoso_inspection" parentDisplayName="Inspection" id="{3500db61-5f38-ef11-8409-000d3a98359b}" />
      </MissingDependency>
      <MissingDependency>
        <Required type="2" schemaName="contoso_inspectiontype" displayName="Inspection Type" parentSchemaName="contoso_inspection" parentDisplayName="Inspection" solution="Active" />
        <Dependent type="26" schemaName="Active Inspections" displayName="Active Inspections" parentSchemaName="contoso_inspection" parentDisplayName="Inspection" id="{f03c0083-fd56-44d9-a1cc-77cec7b6fb58}" />
      </MissingDependency>
      <MissingDependency>
        <Required type="2" schemaName="contoso_name" displayName="Name" parentSchemaName="contoso_inspection" parentDisplayName="Inspection" solution="Active" />
        <Dependent type="26" schemaName="Inspector View" displayName="Inspector View" parentSchemaName="contoso_inspection" parentDisplayName="Inspection" id="{3500db61-5f38-ef11-8409-000d3a98359b}" />
      </MissingDependency>
      <MissingDependency>
        <Required type="2" schemaName="contoso_name" displayName="Name" parentSchemaName="contoso_inspection" parentDisplayName="Inspection" solution="Active" />
        <Dependent type="26" schemaName="Active Inspections" displayName="Active Inspections" parentSchemaName="contoso_inspection" parentDisplayName="Inspection" id="{f03c0083-fd56-44d9-a1cc-77cec7b6fb58}" />
      </MissingDependency>
      <MissingDependency>
        <Required type="2" schemaName="contoso_permit" displayName="Permit" parentSchemaName="contoso_inspection" parentDisplayName="Inspection" solution="Active" />
        <Dependent type="26" schemaName="Inspector View" displayName="Inspector View" parentSchemaName="contoso_inspection" parentDisplayName="Inspection" id="{3500db61-5f38-ef11-8409-000d3a98359b}" />
      </MissingDependency>
      <MissingDependency>
        <Required type="2" schemaName="contoso_permit" displayName="Permit" parentSchemaName="contoso_inspection" parentDisplayName="Inspection" solution="Active" />
        <Dependent type="26" schemaName="Active Inspections" displayName="Active Inspections" parentSchemaName="contoso_inspection" parentDisplayName="Inspection" id="{f03c0083-fd56-44d9-a1cc-77cec7b6fb58}" />
      </MissingDependency>
      <MissingDependency>
        <Required type="2" schemaName="contoso_scheduleddate" displayName="Scheduled Date" parentSchemaName="contoso_inspection" parentDisplayName="Inspection" solution="Active" />
        <Dependent type="26" schemaName="Inspector View" displayName="Inspector View" parentSchemaName="contoso_inspection" parentDisplayName="Inspection" id="{3500db61-5f38-ef11-8409-000d3a98359b}" />
      </MissingDependency>
      <MissingDependency>
        <Required type="2" schemaName="contoso_scheduleddate" displayName="Scheduled Date" parentSchemaName="contoso_inspection" parentDisplayName="Inspection" solution="Active" />
        <Dependent type="26" schemaName="Active Inspections" displayName="Active Inspections" parentSchemaName="contoso_inspection" parentDisplayName="Inspection" id="{f03c0083-fd56-44d9-a1cc-77cec7b6fb58}" />
      </MissingDependency>
      <MissingDependency>
        <Required type="2" schemaName="contoso_sequence" displayName="Sequence" parentSchemaName="contoso_inspection" parentDisplayName="Inspection" solution="Active" />
        <Dependent type="26" schemaName="Inspector View" displayName="Inspector View" parentSchemaName="contoso_inspection" parentDisplayName="Inspection" id="{3500db61-5f38-ef11-8409-000d3a98359b}" />
      </MissingDependency>
      <MissingDependency>
        <Required type="2" schemaName="contoso_sequence" displayName="Sequence" parentSchemaName="contoso_inspection" parentDisplayName="Inspection" solution="Active" />
        <Dependent type="26" schemaName="Active Inspections" displayName="Active Inspections" parentSchemaName="contoso_inspection" parentDisplayName="Inspection" id="{f03c0083-fd56-44d9-a1cc-77cec7b6fb58}" />
      </MissingDependency>
      <MissingDependency>
        <Required type="2" schemaName="ownerid" displayName="Owner" parentSchemaName="contoso_inspection" parentDisplayName="Inspection" solution="Active" />
        <Dependent type="26" schemaName="Inspector View" displayName="Inspector View" parentSchemaName="contoso_inspection" parentDisplayName="Inspection" id="{3500db61-5f38-ef11-8409-000d3a98359b}" />
      </MissingDependency>
      <MissingDependency>
        <Required type="2" schemaName="ownerid" displayName="Owner" parentSchemaName="contoso_inspection" parentDisplayName="Inspection" solution="Active" />
        <Dependent type="26" schemaName="Active Inspections" displayName="Active Inspections" parentSchemaName="contoso_inspection" parentDisplayName="Inspection" id="{f03c0083-fd56-44d9-a1cc-77cec7b6fb58}" />
      </MissingDependency>
      <MissingDependency>
        <Required type="2" schemaName="statecode" displayName="Status" parentSchemaName="contoso_inspection" parentDisplayName="Inspection" solution="Active" />
        <Dependent type="26" schemaName="Active Inspections" displayName="Active Inspections" parentSchemaName="contoso_inspection" parentDisplayName="Inspection" id="{f03c0083-fd56-44d9-a1cc-77cec7b6fb58}" />
      </MissingDependency>
      <MissingDependency>
        <Required type="2" schemaName="statuscode" displayName="Status Reason" parentSchemaName="contoso_inspection" parentDisplayName="Inspection" solution="Active" />
        <Dependent type="26" schemaName="Inspector View" displayName="Inspector View" parentSchemaName="contoso_inspection" parentDisplayName="Inspection" id="{3500db61-5f38-ef11-8409-000d3a98359b}" />
      </MissingDependency>
      <MissingDependency>
        <Required type="2" schemaName="contoso_name" displayName="Name" parentSchemaName="contoso_permittype" parentDisplayName="Permit Type" solution="Active" />
        <Dependent type="26" schemaName="Active Permit Types" displayName="Active Permit Types" parentSchemaName="contoso_permittype" parentDisplayName="Permit Type" id="{37075921-e014-4e40-85cb-d4ecc230f4a0}" />
      </MissingDependency>
      <MissingDependency>
        <Required type="2" schemaName="contoso_permittypeid" displayName="Permit Type" parentSchemaName="contoso_permittype" parentDisplayName="Permit Type" solution="Active" />
        <Dependent type="26" schemaName="Active Permit Types" displayName="Active Permit Types" parentSchemaName="contoso_permittype" parentDisplayName="Permit Type" id="{37075921-e014-4e40-85cb-d4ecc230f4a0}" />
      </MissingDependency>
      <MissingDependency>
        <Required type="2" schemaName="contoso_requireinspections" displayName="Require Inspections" parentSchemaName="contoso_permittype" parentDisplayName="Permit Type" solution="Active" />
        <Dependent type="26" schemaName="Active Permit Types" displayName="Active Permit Types" parentSchemaName="contoso_permittype" parentDisplayName="Permit Type" id="{37075921-e014-4e40-85cb-d4ecc230f4a0}" />
      </MissingDependency>
      <MissingDependency>
        <Required type="2" schemaName="contoso_requiresize" displayName="Require Size" parentSchemaName="contoso_permittype" parentDisplayName="Permit Type" solution="Active" />
        <Dependent type="26" schemaName="Active Permit Types" displayName="Active Permit Types" parentSchemaName="contoso_permittype" parentDisplayName="Permit Type" id="{37075921-e014-4e40-85cb-d4ecc230f4a0}" />
      </MissingDependency>
      <MissingDependency>
        <Required type="2" schemaName="statecode" displayName="Status" parentSchemaName="contoso_permittype" parentDisplayName="Permit Type" solution="Active" />
        <Dependent type="26" schemaName="Active Permit Types" displayName="Active Permit Types" parentSchemaName="contoso_permittype" parentDisplayName="Permit Type" id="{37075921-e014-4e40-85cb-d4ecc230f4a0}" />
      </MissingDependency>
      <MissingDependency>
        <Required type="2" schemaName="sjo_departmentid" displayName="Department" parentSchemaName="sjo_department" parentDisplayName="Department" solution="Active" />
        <Dependent type="26" schemaName="Active Departments" displayName="Active Departments" parentSchemaName="sjo_department" parentDisplayName="Department" id="{966f1281-0bc6-4ede-aa03-d1572196f223}" />
      </MissingDependency>
      <MissingDependency>
        <Required type="2" schemaName="sjo_name" displayName="Name" parentSchemaName="sjo_department" parentDisplayName="Department" solution="Active" />
        <Dependent type="26" schemaName="Active Departments" displayName="Active Departments" parentSchemaName="sjo_department" parentDisplayName="Department" id="{966f1281-0bc6-4ede-aa03-d1572196f223}" />
      </MissingDependency>
      <MissingDependency>
        <Required type="2" schemaName="sjo_sumofsalaries" displayName="Sum Of Base Salaries" parentSchemaName="sjo_department" parentDisplayName="Department" solution="Active" />
        <Dependent type="26" schemaName="Active Departments" displayName="Active Departments" parentSchemaName="sjo_department" parentDisplayName="Department" id="{966f1281-0bc6-4ede-aa03-d1572196f223}" />
      </MissingDependency>
      <MissingDependency>
        <Required type="2" schemaName="statecode" displayName="Status" parentSchemaName="sjo_department" parentDisplayName="Department" solution="Active" />
        <Dependent type="26" schemaName="Active Departments" displayName="Active Departments" parentSchemaName="sjo_department" parentDisplayName="Department" id="{966f1281-0bc6-4ede-aa03-d1572196f223}" />
      </MissingDependency>
      <MissingDependency>
        <Required type="2" schemaName="sjo_departmentid" displayName="DepartmentName" parentSchemaName="sjo_employee" parentDisplayName="Employee" solution="Active" />
        <Dependent type="26" schemaName="Active Employees" displayName="Active Employees" parentSchemaName="sjo_employee" parentDisplayName="Employee" id="{866a3e64-6627-4c58-8c1e-b4bc68542af1}" />
      </MissingDependency>
      <MissingDependency>
        <Required type="2" schemaName="sjo_empid" displayName="Employee Name" parentSchemaName="sjo_employee" parentDisplayName="Employee" solution="Active" />
        <Dependent type="26" schemaName="Active Employees" displayName="Active Employees" parentSchemaName="sjo_employee" parentDisplayName="Employee" id="{866a3e64-6627-4c58-8c1e-b4bc68542af1}" />
      </MissingDependency>
      <MissingDependency>
        <Required type="2" schemaName="sjo_employeeid" displayName="Employee" parentSchemaName="sjo_employee" parentDisplayName="Employee" solution="Active" />
        <Dependent type="26" schemaName="Active Employees" displayName="Active Employees" parentSchemaName="sjo_employee" parentDisplayName="Employee" id="{866a3e64-6627-4c58-8c1e-b4bc68542af1}" />
      </MissingDependency>
      <MissingDependency>
        <Required type="2" schemaName="sjo_istravelling" displayName="ISTravelling" parentSchemaName="sjo_employee" parentDisplayName="Employee" solution="Active" />
        <Dependent type="26" schemaName="Active Employees" displayName="Active Employees" parentSchemaName="sjo_employee" parentDisplayName="Employee" id="{866a3e64-6627-4c58-8c1e-b4bc68542af1}" />
      </MissingDependency>
      <MissingDependency>
        <Required type="2" schemaName="sjo_managerid" displayName="ManagerID" parentSchemaName="sjo_employee" parentDisplayName="Employee" solution="Active" />
        <Dependent type="26" schemaName="Active Employees" displayName="Active Employees" parentSchemaName="sjo_employee" parentDisplayName="Employee" id="{866a3e64-6627-4c58-8c1e-b4bc68542af1}" />
      </MissingDependency>
      <MissingDependency>
        <Required type="2" schemaName="sjo_name" displayName="Employee ID" parentSchemaName="sjo_employee" parentDisplayName="Employee" solution="Active" />
        <Dependent type="26" schemaName="Active Employees" displayName="Active Employees" parentSchemaName="sjo_employee" parentDisplayName="Employee" id="{866a3e64-6627-4c58-8c1e-b4bc68542af1}" />
      </MissingDependency>
      <MissingDependency>
        <Required type="2" schemaName="sjo_totalsalary" displayName="Total Salary" parentSchemaName="sjo_employee" parentDisplayName="Employee" solution="Active" />
        <Dependent type="26" schemaName="Active Employees" displayName="Active Employees" parentSchemaName="sjo_employee" parentDisplayName="Employee" id="{866a3e64-6627-4c58-8c1e-b4bc68542af1}" />
      </MissingDependency>
      <MissingDependency>
        <Required type="2" schemaName="statecode" displayName="Status" parentSchemaName="sjo_employee" parentDisplayName="Employee" solution="Active" />
        <Dependent type="26" schemaName="Active Employees" displayName="Active Employees" parentSchemaName="sjo_employee" parentDisplayName="Employee" id="{866a3e64-6627-4c58-8c1e-b4bc68542af1}" />
      </MissingDependency>
    </MissingDependencies>
  </SolutionManifest>
</ImportExportXml>